<DataBase>
  <Device>
    <ChipInfo Vendor="CLOUDERSEMI" Name="CR600" Core="JLINK_CORE_CORTEX_M0" WorkRAMAddr="0x10000000" WorkRAMSize="0x40000" />
    <FlashBankInfo Name="QSPI flash" BaseAddr="0x20000000" MaxSize="0x40000" Loader="Devices\ClouderSemi\CR600\CR600.FLM" LoaderType="FLASH_ALGO_TYPE_CMSIS" />
  </Device>
  <Device>
    <ChipInfo Vendor="NXP" Name="MCIMX6X1_A9" Core="JLINK_CORE_CORTEX_A9" JLinkScriptFile="Devices\NXP\iMX6SoloX_Connect_CortexA9.JLinkScript" />
  </Device>
  <Device>
    <ChipInfo Vendor="NXP" Name="MCIMX6X1_M4" Core="JLINK_CORE_CORTEX_M4" JLinkScriptFile="Devices\NXP\iMX6SoloX_Connect_CortexM4.JLinkScript" />
  </Device>
  <Device>
    <ChipInfo Vendor="NXP" Name="MCIMX6X2_A9" Core="JLINK_CORE_CORTEX_A9" JLinkScriptFile="Devices\NXP\iMX6SoloX_Connect_CortexA9.JLinkScript" />
  </Device>
  <Device>
    <ChipInfo Vendor="NXP" Name="MCIMX6X2_M4" Core="JLINK_CORE_CORTEX_M4" JLinkScriptFile="Devices\NXP\iMX6SoloX_Connect_CortexM4.JLinkScript" />
  </Device>
  <Device>
    <ChipInfo Vendor="NXP" Name="MCIMX6X3_A9" Core="JLINK_CORE_CORTEX_A9" JLinkScriptFile="Devices\NXP\iMX6SoloX_Connect_CortexA9.JLinkScript" />
  </Device>
  <Device>
    <ChipInfo Vendor="NXP" Name="MCIMX6X3_M4" Core="JLINK_CORE_CORTEX_M4" JLinkScriptFile="Devices\NXP\iMX6SoloX_Connect_CortexM4.JLinkScript" />
  </Device>
  <Device>
    <ChipInfo Vendor="NXP" Name="MCIMX6X4_A9" Core="JLINK_CORE_CORTEX_A9" JLinkScriptFile="Devices\NXP\iMX6SoloX_Connect_CortexA9.JLinkScript" />
  </Device>
  <Device>
    <ChipInfo Vendor="NXP" Name="MCIMX6X4_M4" Core="JLINK_CORE_CORTEX_M4" JLinkScriptFile="Devices\NXP\iMX6SoloX_Connect_CortexM4.JLinkScript" />
  </Device>
  <Device>
    <ChipInfo Vendor="NXP" Name="MCIMX6G0" WorkRAMAddr="0x00900000" WorkRAMSize="0x00020000" Core="JLINK_CORE_CORTEX_A7" />
    <FlashBankInfo Name="QSPI flash" BaseAddr="0x60000000" MaxSize="0x02000000" Loader="Devices\NXP\iMX6UL\NXP_iMX6UL_EVK_QSPI.elf" LoaderType="FLASH_ALGO_TYPE_OPEN" />
  </Device>
  <Device>
    <ChipInfo Vendor="NXP" Name="MCIMX6G1" WorkRAMAddr="0x00900000" WorkRAMSize="0x00020000" Core="JLINK_CORE_CORTEX_A7" />
    <FlashBankInfo Name="QSPI flash" BaseAddr="0x60000000" MaxSize="0x02000000" Loader="Devices\NXP\iMX6UL\NXP_iMX6UL_EVK_QSPI.elf" LoaderType="FLASH_ALGO_TYPE_OPEN" />
  </Device>
  <Device>
    <ChipInfo Vendor="NXP" Name="MCIMX6G2" WorkRAMAddr="0x00900000" WorkRAMSize="0x00020000" Core="JLINK_CORE_CORTEX_A7" />
    <FlashBankInfo Name="QSPI flash" BaseAddr="0x60000000" MaxSize="0x02000000" Loader="Devices\NXP\iMX6UL\NXP_iMX6UL_EVK_QSPI.elf" LoaderType="FLASH_ALGO_TYPE_OPEN" />
  </Device>
  <Device>
    <ChipInfo Vendor="NXP" Name="MCIMX6G3" WorkRAMAddr="0x00900000" WorkRAMSize="0x00020000" Core="JLINK_CORE_CORTEX_A7" />
    <FlashBankInfo Name="QSPI flash" BaseAddr="0x60000000" MaxSize="0x02000000" Loader="Devices\NXP\iMX6UL\NXP_iMX6UL_EVK_QSPI.elf" LoaderType="FLASH_ALGO_TYPE_OPEN" />
  </Device>
  <Device>
    <ChipInfo Vendor="NXP" Name="MCIMX6Y0" WorkRAMAddr="0x00900000" WorkRAMSize="0x00020000" Core="JLINK_CORE_CORTEX_A7" />
    <FlashBankInfo Name="QSPI flash" BaseAddr="0x60000000" MaxSize="0x02000000" Loader="Devices\NXP\iMX6UL\NXP_iMX6UL_EVK_QSPI.elf" LoaderType="FLASH_ALGO_TYPE_OPEN" />
  </Device>
  <Device>
    <ChipInfo Vendor="NXP" Name="MCIMX6Y1" WorkRAMAddr="0x00900000" WorkRAMSize="0x00020000" Core="JLINK_CORE_CORTEX_A7" />
    <FlashBankInfo Name="QSPI flash" BaseAddr="0x60000000" MaxSize="0x02000000" Loader="Devices\NXP\iMX6UL\NXP_iMX6UL_EVK_QSPI.elf" LoaderType="FLASH_ALGO_TYPE_OPEN" />
  </Device>
  <Device>
    <ChipInfo Vendor="NXP" Name="MCIMX6Y2" WorkRAMAddr="0x00900000" WorkRAMSize="0x00020000" Core="JLINK_CORE_CORTEX_A7" />
    <FlashBankInfo Name="QSPI flash" BaseAddr="0x60000000" MaxSize="0x02000000" Loader="Devices\NXP\iMX6UL\NXP_iMX6UL_EVK_QSPI.elf" LoaderType="FLASH_ALGO_TYPE_OPEN" />
  </Device>
  <Device>
    <ChipInfo Vendor="TI" Name="CC3200" Core="JLINK_CORE_CORTEX_M4" JLinkScriptFile="Devices\TI\TI_CC3200.JLinkScript" WorkRAMAddr="0x20000000" WorkRAMSize="0x10000" />
  </Device>
</DataBase>
